{"Width":"1280","Height":"720","CameraPosition":[20.57295799255371,8.310426712036133,4.56012487411499],"CameraYaw":-171.2889862060547,"CameraPitch":-24.70871353149414,"CameraZoom":16.099998474121095,"CameraSpeed":25.600000381469728,"CameraSensitivity":0.4699999988079071}