{"Width":"1280","Height":"720","CameraPosition":[12.25993537902832,3.718871831893921,7.396910190582275],"CameraYaw":-147.78872680664063,"CameraPitch":-13.42870807647705,"CameraZoom":42.099998474121097,"CameraSpeed":25.600000381469728,"CameraSensitivity":0.4699999988079071}